TERMS AND CONDITIONS,,,,,,,
https://www.bankofcanada.ca/terms/,,,,,,,
,,,,,,,
NAME,,,,,,,
Selected Treasury Bill Yields,,,,,,,
,,,,,,,
DESCRIPTION,,,,,,,
"1, 3, 6 and 12 month Treasury bill data.",,,,,,,
,,,,,,,
LINK,,,,,,,
https://www.bankofcanada.ca/?p=39889,,,,,,,
,,,,,,,
SERIES,,,,,,,
id,label,description,,,,,
V80691303,3 month,Treasury bill auction - Average yields,,,,,
V80691304,6 month,Treasury bill auction - Average yields,,,,,
V80691305,1 year,Treasury bill auction - Average yields,,,,,
V80691342,1 month,Treasury bills,,,,,
V80691344,3 month,Treasury bills,,,,,
V80691345,6 month,Treasury bills,,,,,
V80691346,1 year,Treasury bills,,,,,
,,,,,,,
OBSERVATIONS,,,,,,,
date,V80691303,V80691304,V80691305,V80691342,V80691344,V80691345,V80691346
4/01/2000,4.99,5.36,5.83,,,,
5/01/2000,,,,4.65,5,5.36,5.85
12/01/2000,,,,4.64,4.98,5.35,5.84
18/01/2000,5.08,5.39,5.91,,,,
19/01/2000,,,,4.63,5.07,5.38,5.88
26/01/2000,,,,4.73,5.05,5.31,5.75
1/02/2000,5.21,5.49,5.98,,,,
2/02/2000,,,,4.78,5.16,5.45,5.9
9/02/2000,,,,4.65,4.97,5.27,5.87
15/02/2000,5.1,5.39,5.85,,,,
16/02/2000,,,,4.65,5.04,5.36,5.84
23/02/2000,,,,4.74,4.96,5.32,5.77
29/02/2000,5.05,5.42,5.83,,,,
1/03/2000,,,,4.66,4.92,5.36,5.78
8/03/2000,,,,4.86,5.05,5.37,5.81
14/03/2000,5.16,5.46,5.87,,,,
15/03/2000,,,,4.89,5.15,5.45,5.86
22/03/2000,,,,5.04,5.15,5.42,5.81
28/03/2000,5.28,5.56,5.94,,,,
29/03/2000,,,,5.1,5.27,5.55,5.95
5/04/2000,,,,5.04,5.27,5.53,5.83
11/04/2000,5.35,5.58,5.87,,,,
12/04/2000,,,,4.99,5.34,5.58,5.85
19/04/2000,,,,4.97,5.36,5.58,5.86
25/04/2000,5.45,5.74,5.99,,,,
26/04/2000,,,,4.89,5.43,5.75,6
3/05/2000,,,,4.87,5.55,5.85,6.14
9/05/2000,5.66,5.9,6.25,,,,
10/05/2000,,,,4.78,5.65,5.86,6.23
17/05/2000,,,,5.33,5.71,5.99,6.31
23/05/2000,5.75,6.01,6.33,,,,
24/05/2000,,,,5.21,5.74,6.01,6.3
31/05/2000,,,,5.2,5.67,5.97,6.25
6/06/2000,5.61,5.8,6.11,,,,
7/06/2000,,,,5.17,5.55,5.81,6.13
14/06/2000,,,,5.44,5.57,5.79,6.05
20/06/2000,5.55,5.84,6.09,,,,
21/06/2000,,,,5.45,5.56,5.86,6.12
28/06/2000,,,,5.46,5.53,5.79,6.07
4/07/2000,5.55,5.77,5.99,,,,
5/07/2000,,,,5.4,5.57,5.76,5.95
12/07/2000,,,,5.48,5.59,5.72,5.95
18/07/2000,5.63,5.82,6.02,,,,
19/07/2000,,,,5.46,5.63,5.81,6.02
26/07/2000,,,,5.45,5.61,5.73,5.94
1/08/2000,5.65,5.79,5.97,,,,
2/08/2000,,,,5.43,5.64,5.77,5.93
9/08/2000,,,,5.39,5.6,5.73,5.85
15/08/2000,5.66,5.79,5.92,,,,
16/08/2000,,,,5.33,5.65,5.77,5.92
23/08/2000,,,,5.48,5.62,5.73,5.87
29/08/2000,5.62,5.77,5.92,,,,
30/08/2000,,,,5.39,5.58,5.74,5.9
6/09/2000,,,,5.43,5.59,5.72,5.85
12/09/2000,5.6,5.75,5.89,,,,
13/09/2000,,,,5.37,5.57,5.72,5.86
20/09/2000,,,,5.41,5.57,5.7,5.81
26/09/2000,5.56,5.72,5.81,,,,
27/09/2000,,,,5.39,5.56,5.71,5.81
4/10/2000,,,,5.39,5.55,5.71,5.82
10/10/2000,5.62,5.77,5.87,,,,
11/10/2000,,,,5.39,5.61,5.74,5.83
18/10/2000,,,,5.37,5.62,5.71,5.78
24/10/2000,5.62,5.74,5.82,,,,
25/10/2000,,,,5.39,5.61,5.72,5.79
1/11/2000,,,,5.38,5.62,5.74,5.85
7/11/2000,5.68,5.82,5.93,,,,
8/11/2000,,,,5.36,5.69,5.84,5.95
15/11/2000,,,,5.4,5.71,5.83,5.95
21/11/2000,5.74,5.88,5.97,,,,
22/11/2000,,,,5.38,5.7,5.83,5.91
29/11/2000,,,,5.49,5.62,5.72,5.8
5/12/2000,5.55,5.65,5.67,,,,
6/12/2000,,,,5.37,5.52,5.59,5.61
13/12/2000,,,,5.42,5.54,5.56,5.56
19/12/2000,5.56,5.58,5.56,,,,
20/12/2000,,,,5.43,5.53,5.51,5.48
27/12/2000,,,,5.45,5.49,5.46,5.41
2/01/2001,5.45,5.38,5.24,,,,
3/01/2001,,,,5.31,5.34,5.26,5.18
10/01/2001,,,,5.18,5.24,5.14,5.04
16/01/2001,5.24,5.18,5.1,,,,
17/01/2001,,,,5.21,5.26,5.18,5.13
24/01/2001,,,,5.19,5.23,5.15,5.1
30/01/2001,5.14,5.05,4.96,,,,
31/01/2001,,,,5.17,5.11,5,4.9
7/02/2001,,,,5.17,5.13,4.96,4.93
13/02/2001,5.13,5.01,4.98,,,,
14/02/2001,,,,5.17,5.15,5.03,5.05
21/02/2001,,,,5.16,5.04,4.88,4.88
27/02/2001,4.8,4.74,4.72,,,,
28/02/2001,,,,5.04,4.87,4.8,4.79
7/03/2001,,,,4.85,4.74,4.68,4.65
13/03/2001,4.66,4.64,4.64,,,,
14/03/2001,,,,4.77,4.59,4.53,4.53
21/03/2001,,,,4.67,4.47,4.36,4.34
27/03/2001,4.6,4.58,4.58,,,,
28/03/2001,,,,4.7,4.58,4.52,4.52
4/04/2001,,,,4.74,4.61,4.54,4.52
10/04/2001,4.49,4.53,4.53,,,,
11/04/2001,,,,4.59,4.52,4.53,4.54
18/04/2001,,,,4.5,4.45,4.42,4.42
24/04/2001,4.41,4.36,4.43,,,,
25/04/2001,,,,4.56,4.43,4.4,4.45
2/05/2001,,,,4.52,4.42,4.39,4.51
8/05/2001,4.31,4.28,4.38,,,,
9/05/2001,,,,4.46,4.28,4.23,4.34
16/05/2001,,,,4.37,4.28,4.28,4.38
22/05/2001,4.4,4.45,4.6,,,,
23/05/2001,,,,4.39,4.38,4.43,4.57
30/05/2001,,,,4.32,4.34,4.41,4.55
5/06/2001,4.32,4.38,4.5,,,,
6/06/2001,,,,4.3,4.29,4.34,4.46
13/06/2001,,,,4.26,4.24,4.28,4.41
19/06/2001,4.24,4.29,4.39,,,,
20/06/2001,,,,4.25,4.21,4.26,4.36
27/06/2001,,,,4.28,4.3,4.37,4.47
3/07/2001,4.36,4.47,4.63,,,,
4/07/2001,,,,4.25,4.33,4.44,4.6
11/07/2001,,,,4.22,4.22,4.3,4.46
17/07/2001,4.16,4.27,4.45,,,,
18/07/2001,,,,4.1,4.1,4.18,4.33
25/07/2001,,,,4.08,4.07,4.1,4.28
31/07/2001,4.03,4.06,4.21,,,,
1/08/2001,,,,4.07,4.03,4.05,4.22
8/08/2001,,,,4,3.99,3.98,4.12
14/08/2001,3.95,3.97,4.09,,,,
15/08/2001,,,,3.94,3.96,3.98,4.13
22/08/2001,,,,3.92,3.9,3.88,4.02
28/08/2001,3.81,3.84,3.9,,,,
29/08/2001,,,,3.81,3.8,3.79,3.84
5/09/2001,,,,3.79,3.78,3.78,3.81
11/09/2001,3.35,3.38,3.38,,,,
12/09/2001,,,,3.69,3.4,3.38,3.38
19/09/2001,,,,3.18,3.1,3.01,3.01
25/09/2001,3.04,2.98,2.99,,,,
26/09/2001,,,,3.14,3.05,2.96,2.97
3/10/2001,,,,3.11,3.02,2.9,2.9
9/10/2001,2.96,2.87,2.89,,,,
10/10/2001,,,,3.08,2.97,2.89,2.92
17/10/2001,,,,2.91,2.86,2.84,2.91
23/10/2001,2.54,2.53,2.63,,,,
24/10/2001,,,,2.5,2.45,2.44,2.54
31/10/2001,,,,2.4,2.34,2.26,2.3
6/11/2001,2.28,2.27,2.32,,,,
7/11/2001,,,,2.25,2.15,2.08,2.1
14/11/2001,,,,2.2,2.19,2.16,2.27
20/11/2001,2.21,2.31,2.54,,,,
21/11/2001,,,,2.23,2.2,2.27,2.56
28/11/2001,,,,2.14,2.07,2.13,2.48
4/12/2001,2.05,2.05,2.35,,,,
5/12/2001,,,,2.13,2.06,2.13,2.47
12/12/2001,,,,2.03,2,2,2.26
18/12/2001,2,2.06,2.35,,,,
19/12/2001,,,,1.98,1.99,2.01,2.28
26/12/2001,,,,1.98,1.95,1.95,2.2
1/01/2002,1.91,1.98,2.28,,,,
2/01/2002,,,,1.96,1.91,1.97,2.2
9/01/2002,,,,1.89,1.89,1.94,2.19
15/01/2002,1.9,1.96,2.15,,,,
16/01/2002,,,,1.88,1.9,1.92,2.12
23/01/2002,,,,1.87,1.91,2.02,2.3
29/01/2002,1.97,2.12,2.45,,,,
30/01/2002,,,,1.93,1.96,2.11,2.44
6/02/2002,,,,1.88,1.96,2.08,2.4
12/02/2002,2,2.15,2.48,,,,
13/02/2002,,,,1.91,2.03,2.19,2.54
20/02/2002,,,,1.94,2.02,2.14,2.49
26/02/2002,2.07,2.22,2.64,,,,
27/02/2002,,,,1.95,2.05,2.19,2.57
6/03/2002,,,,1.97,2.06,2.22,2.66
12/03/2002,2.15,2.44,3.05,,,,
13/03/2002,,,,1.99,2.14,2.41,3.04
20/03/2002,,,,1.97,2.12,2.42,3.18
26/03/2002,2.34,2.73,3.48,,,,
27/03/2002,,,,1.96,2.3,2.68,3.42
3/04/2002,,,,2.02,2.21,2.59,3.28
9/04/2002,2.38,2.68,3.36,,,,
10/04/2002,,,,2.08,2.36,2.65,3.32
17/04/2002,,,,2.15,2.36,2.6,3.25
23/04/2002,2.41,2.72,3.37,,,,
24/04/2002,,,,2.18,2.37,2.68,3.32
1/05/2002,,,,2.22,2.39,2.71,3.27
7/05/2002,2.47,2.67,3.17,,,,
8/05/2002,,,,2.19,2.46,2.67,3.2
15/05/2002,,,,2.19,2.53,2.78,3.42
21/05/2002,2.62,2.91,3.53,,,,
22/05/2002,,,,2.19,2.59,2.87,3.4
29/05/2002,,,,2.39,2.6,2.87,3.41
4/06/2002,2.67,2.92,3.42,,,,
5/06/2002,,,,2.44,2.66,2.91,3.41
12/06/2002,,,,2.43,2.68,2.92,3.42
18/06/2002,2.74,2.98,3.38,,,,
19/06/2002,,,,2.35,2.72,2.94,3.32
26/06/2002,,,,2.5,2.7,2.87,3.2
2/07/2002,2.75,2.94,3.27,,,,
3/07/2002,,,,2.5,2.71,2.92,3.23
10/07/2002,,,,2.63,2.82,2.98,3.27
16/07/2002,2.83,2.96,3.23,,,,
17/07/2002,,,,2.63,2.82,2.94,3.2
24/07/2002,,,,2.59,2.75,2.85,3
30/07/2002,2.85,2.98,3.16,,,,
31/07/2002,,,,2.6,2.81,2.9,3.07
7/08/2002,,,,2.57,2.74,2.78,2.82
13/08/2002,2.82,2.89,2.98,,,,
14/08/2002,,,,2.54,2.77,2.89,2.99
21/08/2002,,,,2.62,2.85,2.99,3.13
27/08/2002,3,3.14,3.35,,,,
28/08/2002,,,,2.72,2.96,3.08,3.27
4/09/2002,,,,2.66,2.75,2.86,3
10/09/2002,2.83,3.02,3.24,,,,
11/09/2002,,,,2.64,2.82,2.99,3.25
18/09/2002,,,,2.61,2.82,2.97,3.19
24/09/2002,2.83,2.92,3.07,,,,
25/09/2002,,,,2.61,2.83,2.93,3.12
2/10/2002,,,,2.62,2.74,2.88,3
8/10/2002,2.81,2.92,3.11,,,,
9/10/2002,,,,2.65,2.8,2.9,3.07
16/10/2002,,,,2.63,2.79,2.91,3.13
22/10/2002,2.81,2.93,3.2,,,,
23/10/2002,,,,2.61,2.78,2.87,3.1
30/10/2002,,,,2.66,2.73,2.81,2.96
5/11/2002,2.73,2.82,2.94,,,,
6/11/2002,,,,2.63,2.68,2.76,2.89
13/11/2002,,,,2.6,2.69,2.75,2.89
19/11/2002,2.73,2.82,2.96,,,,
20/11/2002,,,,2.58,2.72,2.79,2.95
27/11/2002,,,,2.69,2.71,2.81,3
3/12/2002,2.73,2.83,3.07,,,,
4/12/2002,,,,2.64,2.71,2.79,3
11/12/2002,,,,2.63,2.69,2.79,2.97
17/12/2002,2.7,2.81,2.99,,,,
18/12/2002,,,,2.63,2.68,2.79,2.96
25/12/2002,,,,2.58,2.63,2.75,2.91
31/12/2002,2.67,2.79,2.89,,,,
1/01/2003,,,,2.56,2.66,2.76,2.86
8/01/2003,,,,2.6,2.65,2.77,2.89
14/01/2003,2.69,2.82,2.97,,,,
15/01/2003,,,,2.61,2.7,2.84,3.04
22/01/2003,,,,2.67,2.74,2.89,3.16
28/01/2003,2.81,3,3.24,,,,
29/01/2003,,,,2.7,2.83,2.99,3.29
5/02/2003,,,,2.71,2.82,2.99,3.28
11/02/2003,2.83,2.94,3.25,,,,
12/02/2003,,,,2.61,2.77,2.88,3.14
19/02/2003,,,,2.65,2.78,2.95,3.22
25/02/2003,2.86,3.03,3.28,,,,
26/02/2003,,,,2.68,2.88,3.06,3.31
5/03/2003,,,,2.86,2.98,3.17,3.39
11/03/2003,3,3.19,3.4,,,,
12/03/2003,,,,2.85,2.98,3.22,3.46
19/03/2003,,,,2.91,3.05,3.29,3.58
25/03/2003,3.14,3.37,3.66,,,,
26/03/2003,,,,2.89,3.14,3.34,3.63
2/04/2003,,,,2.98,3.15,3.32,3.59
8/04/2003,3.19,3.36,3.63,,,,
9/04/2003,,,,2.95,3.18,3.33,3.58
16/04/2003,,,,3.07,3.22,3.35,3.56
22/04/2003,3.24,3.37,3.55,,,,
23/04/2003,,,,3.06,3.24,3.36,3.56
30/04/2003,,,,3.05,3.19,3.32,3.5
6/05/2003,3.22,3.35,3.55,,,,
7/05/2003,,,,3.02,3.17,3.29,3.45
14/05/2003,,,,3.1,3.19,3.3,3.45
20/05/2003,3.2,3.32,3.43,,,,
21/05/2003,,,,3.1,3.19,3.29,3.38
28/05/2003,,,,3.19,3.16,3.18,3.18
3/06/2003,3.16,3.19,3.17,,,,
4/06/2003,,,,3.13,3.16,3.17,3.14
11/06/2003,,,,3.1,3.13,3.09,3.01
17/06/2003,3.13,3.08,2.97,,,,
18/06/2003,,,,3.04,3.03,2.96,2.86
25/06/2003,,,,3.1,3.07,2.99,2.82
1/07/2003,3.08,3.04,2.99,,,,
2/07/2003,,,,3.1,3.06,3,2.96
9/07/2003,,,,3.13,3.08,3.05,3.05
15/07/2003,2.87,2.89,2.89,,,,
16/07/2003,,,,2.85,2.83,2.83,2.85
23/07/2003,,,,2.82,2.78,2.7,2.67
29/07/2003,2.81,2.72,2.69,,,,
30/07/2003,,,,2.89,2.81,2.72,2.73
6/08/2003,,,,2.85,2.83,2.81,2.82
12/08/2003,2.82,2.78,2.84,,,,
13/08/2003,,,,2.84,2.82,2.81,2.89
20/08/2003,,,,2.82,2.75,2.72,2.81
26/08/2003,2.7,2.74,2.85,,,,
27/08/2003,,,,2.75,2.71,2.76,2.91
3/09/2003,,,,2.67,2.7,2.75,2.93
9/09/2003,2.65,2.68,2.81,,,,
10/09/2003,,,,2.62,2.63,2.63,2.74
17/09/2003,,,,2.61,2.62,2.65,2.77
23/09/2003,2.6,2.59,2.67,,,,
24/09/2003,,,,2.6,2.58,2.57,2.63
1/10/2003,,,,2.57,2.58,2.55,2.59
7/10/2003,2.6,2.62,2.68,,,,
8/10/2003,,,,2.58,2.58,2.58,2.65
15/10/2003,,,,2.64,2.65,2.67,2.78
21/10/2003,2.65,2.7,2.83,,,,
22/10/2003,,,,2.63,2.64,2.65,2.76
29/10/2003,,,,2.64,2.64,2.63,2.71
4/11/2003,2.67,2.67,2.81,,,,
5/11/2003,,,,2.67,2.7,2.73,2.87
12/11/2003,,,,2.67,2.71,2.79,2.96
18/11/2003,2.71,2.77,2.93,,,,
19/11/2003,,,,2.71,2.72,2.76,2.91
26/11/2003,,,,2.68,2.67,2.69,2.81
2/12/2003,2.68,2.71,2.86,,,,
3/12/2003,,,,2.67,2.67,2.68,2.8
10/12/2003,,,,2.68,2.67,2.67,2.77
16/12/2003,2.64,2.63,2.68,,,,
17/12/2003,,,,2.6,2.61,2.6,2.65
24/12/2003,,,,2.61,2.6,2.59,2.65
30/12/2003,2.59,2.59,2.63,,,,
31/12/2003,,,,2.59,2.57,2.57,2.62
7/01/2004,,,,2.57,2.5,2.49,2.53
13/01/2004,2.47,2.47,2.5,,,,
14/01/2004,,,,2.44,2.43,2.43,2.45
21/01/2004,,,,2.36,2.31,2.31,2.34
27/01/2004,2.26,2.26,2.25,,,,
28/01/2004,,,,2.29,2.25,2.27,2.29
4/02/2004,,,,2.3,2.26,2.29,2.32
10/02/2004,2.23,2.23,2.25,,,,
11/02/2004,,,,2.23,2.2,2.18,2.18
18/02/2004,,,,2.23,2.19,2.19,2.22
24/02/2004,2.13,2.14,2.17,,,,
25/02/2004,,,,2.17,2.13,2.14,2.17
3/03/2004,,,,2.13,2.13,2.15,2.19
9/03/2004,2.1,2.1,2.11,,,,
10/03/2004,,,,2.07,2.08,2.08,2.12
17/03/2004,,,,2.04,2.01,2,2.02
23/03/2004,1.99,1.98,2.01,,,,
24/03/2004,,,,2.01,1.99,1.96,1.99
31/03/2004,,,,1.99,1.98,1.95,2
6/04/2004,2.01,2.04,2.15,,,,
7/04/2004,,,,1.97,2,2.02,2.14
14/04/2004,,,,1.92,1.96,2.01,2.2
20/04/2004,1.94,2.01,2.23,,,,
21/04/2004,,,,1.88,1.94,2.01,2.24
28/04/2004,,,,1.87,1.95,2.02,2.24
4/05/2004,1.93,1.98,2.15,,,,
5/05/2004,,,,1.87,1.93,1.97,2.15
12/05/2004,,,,1.91,1.97,2.07,2.33
18/05/2004,2.02,2.14,2.47,,,,
19/05/2004,,,,1.93,2,2.13,2.49
26/05/2004,,,,1.94,1.98,2.11,2.45
1/06/2004,2.02,2.15,2.55,,,,
2/06/2004,,,,1.93,2,2.13,2.53
9/06/2004,,,,1.94,2.02,2.16,2.6
15/06/2004,2.05,2.27,2.78,,,,
16/06/2004,,,,1.91,2,2.21,2.72
23/06/2004,,,,1.94,2.01,2.21,2.7
29/06/2004,2.04,2.2,2.7,,,,
30/06/2004,,,,1.94,2.01,2.14,2.61
7/07/2004,,,,1.91,1.99,2.1,2.48
13/07/2004,2.04,2.23,2.65,,,,
14/07/2004,,,,1.92,2.03,2.21,2.64
21/07/2004,,,,1.94,2.04,2.25,2.65
27/07/2004,2.08,2.28,2.73,,,,
28/07/2004,,,,1.93,2.08,2.27,2.72
4/08/2004,,,,1.9,2.05,2.2,2.57
10/08/2004,2.04,2.17,2.49,,,,
11/08/2004,,,,1.89,2.03,2.18,2.51
18/08/2004,,,,1.91,2.04,2.22,2.57
24/08/2004,2.14,2.36,2.71,,,,
25/08/2004,,,,1.91,2.13,2.35,2.67
1/09/2004,,,,2.06,2.2,2.37,2.68
7/09/2004,2.33,2.56,2.93,,,,
8/09/2004,,,,2.15,2.32,2.54,2.88
15/09/2004,,,,2.18,2.35,2.53,2.85
21/09/2004,2.41,2.57,2.87,,,,
22/09/2004,,,,2.17,2.41,2.56,2.84
29/09/2004,,,,2.29,2.45,2.6,2.86
5/10/2004,2.5,2.66,2.96,,,,
6/10/2004,,,,2.28,2.5,2.66,2.96
13/10/2004,,,,2.35,2.51,2.62,2.85
19/10/2004,2.58,2.69,2.89,,,,
20/10/2004,,,,2.39,2.55,2.64,2.8
27/10/2004,,,,2.4,2.57,2.68,2.89
2/11/2004,2.61,2.78,2.99,,,,
3/11/2004,,,,2.37,2.62,2.78,2.98
10/11/2004,,,,2.37,2.65,2.83,3.06
16/11/2004,2.7,2.83,3.05,,,,
17/11/2004,,,,2.36,2.66,2.77,2.96
24/11/2004,,,,2.43,2.63,2.73,2.91
30/11/2004,2.56,2.62,2.74,,,,
1/12/2004,,,,2.38,2.53,2.61,2.75
8/12/2004,,,,2.24,2.45,2.52,2.62
14/12/2004,2.43,2.53,2.65,,,,
15/12/2004,,,,2.19,2.42,2.5,2.63
22/12/2004,,,,2.28,2.46,2.56,2.71
28/12/2004,2.48,2.58,2.75,,,,
29/12/2004,,,,2.3,2.47,2.58,2.76
5/01/2005,,,,2.34,2.47,2.58,2.74
11/01/2005,2.5,2.6,2.83,,,,
12/01/2005,,,,2.33,2.48,2.58,2.78
19/01/2005,,,,2.34,2.44,2.53,2.68
25/01/2005,2.44,2.52,2.66,,,,
26/01/2005,,,,2.33,2.43,2.49,2.61
2/02/2005,,,,2.33,2.43,2.52,2.68
8/02/2005,2.46,2.54,2.75,,,,
9/02/2005,,,,2.33,2.45,2.52,2.71
16/02/2005,,,,2.25,2.44,2.54,2.75
22/02/2005,2.46,2.56,2.77,,,,
23/02/2005,,,,2.24,2.46,2.55,2.77
2/03/2005,,,,2.33,2.46,2.57,2.79
8/03/2005,2.46,2.56,2.77,,,,
9/03/2005,,,,2.3,2.44,2.54,2.78
16/03/2005,,,,2.39,2.48,2.61,2.91
22/03/2005,2.55,2.7,3.04,,,,
23/03/2005,,,,2.41,2.55,2.72,3.07
30/03/2005,,,,2.45,2.56,2.69,3.04
5/04/2005,2.55,2.66,3,,,,
6/04/2005,,,,2.43,2.52,2.63,2.97
13/04/2005,,,,2.41,2.47,2.57,2.86
19/04/2005,2.46,2.55,2.77,,,,
20/04/2005,,,,2.39,2.44,2.51,2.72
27/04/2005,,,,2.38,2.45,2.54,2.82
3/05/2005,2.46,2.56,2.81,,,,
4/05/2005,,,,2.37,2.46,2.55,2.8
11/05/2005,,,,2.41,2.46,2.58,2.83
17/05/2005,2.46,2.57,2.78,,,,
18/05/2005,,,,2.38,2.46,2.58,2.8
25/05/2005,,,,2.39,2.46,2.58,2.81
31/05/2005,2.45,2.55,2.74,,,,
1/06/2005,,,,2.37,2.43,2.52,2.66
8/06/2005,,,,2.36,2.43,2.52,2.66
14/06/2005,2.46,2.57,2.78,,,,
15/06/2005,,,,2.36,2.46,2.58,2.79
22/06/2005,,,,2.34,2.44,2.54,2.72
28/06/2005,2.47,2.57,2.74,,,,
29/06/2005,,,,2.33,2.48,2.57,2.74
6/07/2005,,,,2.4,2.52,2.61,2.86
12/07/2005,2.56,2.74,2.99,,,,
13/07/2005,,,,2.4,2.56,2.74,2.99
20/07/2005,,,,2.38,2.55,2.73,2.95
26/07/2005,2.58,2.71,2.91,,,,
27/07/2005,,,,2.36,2.59,2.73,2.96
3/08/2005,,,,2.32,2.59,2.74,2.97
9/08/2005,2.63,2.83,3.09,,,,
10/08/2005,,,,2.35,2.65,2.82,3.09
17/08/2005,,,,2.43,2.68,2.83,3.08
23/08/2005,2.76,2.9,3.15,,,,
24/08/2005,,,,2.48,2.76,2.88,3.11
31/08/2005,,,,2.52,2.72,2.79,2.94
6/09/2005,2.74,2.82,2.95,,,,
7/09/2005,,,,2.56,2.75,2.85,3
14/09/2005,,,,2.58,2.76,2.89,3.05
20/09/2005,2.81,2.94,3.09,,,,
21/09/2005,,,,2.54,2.81,2.94,3.09
28/09/2005,,,,2.69,2.86,3.02,3.24
4/10/2005,2.93,3.11,3.33,,,,
5/10/2005,,,,2.66,2.89,3.08,3.29
12/10/2005,,,,2.75,2.94,3.14,3.35
18/10/2005,3.03,3.23,3.44,,,,
19/10/2005,,,,2.84,3.03,3.23,3.44
26/10/2005,,,,2.87,3.06,3.26,3.53
1/11/2005,3.12,3.35,3.59,,,,
2/11/2005,,,,2.85,3.12,3.33,3.57
9/11/2005,,,,2.92,3.15,3.37,3.63
15/11/2005,3.23,3.42,3.72,,,,
16/11/2005,,,,2.86,3.22,3.4,3.7
23/11/2005,,,,2.98,3.23,3.43,3.71
29/11/2005,3.3,3.53,3.77,,,,
30/11/2005,,,,3.06,3.31,3.53,3.8
7/12/2005,,,,3.12,3.31,3.53,3.81
13/12/2005,3.39,3.59,3.89,,,,
14/12/2005,,,,3.13,3.37,3.56,3.86
21/12/2005,,,,3.11,3.35,3.56,3.86
27/12/2005,3.4,3.65,3.93,,,,
28/12/2005,,,,3.06,3.37,3.65,3.87
4/01/2006,,,,3.15,3.38,3.59,3.79
10/01/2006,3.43,3.63,3.84,,,,
11/01/2006,,,,3.13,3.41,3.64,3.88
18/01/2006,,,,3.28,3.42,3.63,3.84
24/01/2006,3.49,3.67,3.85,,,,
25/01/2006,,,,3.34,3.47,3.67,3.86
1/02/2006,,,,3.37,3.54,3.71,3.91
7/02/2006,3.63,3.79,4,,,,
8/02/2006,,,,3.39,3.63,3.79,3.99
15/02/2006,,,,3.44,3.63,3.79,3.98
21/02/2006,3.71,3.87,4.01,,,,
22/02/2006,,,,3.46,3.72,3.87,4
1/03/2006,,,,3.57,3.74,3.88,4.02
7/03/2006,3.78,3.86,3.98,,,,
8/03/2006,,,,3.57,3.7,3.8,3.93
15/03/2006,,,,3.56,3.72,3.82,3.93
21/03/2006,3.79,3.89,3.99,,,,
22/03/2006,,,,3.53,3.78,3.89,4
29/03/2006,,,,3.64,3.86,3.97,4.06
4/04/2006,3.9,4,4.1,,,,
5/04/2006,,,,3.64,3.89,3.99,4.09
12/04/2006,,,,3.71,3.96,4.09,4.19
18/04/2006,3.97,4.08,4.18,,,,
19/04/2006,,,,3.7,3.96,4.06,4.16
26/04/2006,,,,3.89,4.03,4.13,4.24
2/05/2006,4.11,4.16,4.26,,,,
3/05/2006,,,,3.91,4.1,4.17,4.26
10/05/2006,,,,3.99,4.09,4.18,4.27
16/05/2006,4.1,4.14,4.24,,,,
17/05/2006,,,,3.96,4.1,4.14,4.24
24/05/2006,,,,4.1,4.16,4.18,4.24
30/05/2006,4.18,4.2,4.28,,,,
31/05/2006,,,,4.13,4.18,4.23,4.33
7/06/2006,,,,4.1,4.15,4.22,4.32
13/06/2006,4.21,4.31,4.41,,,,
14/06/2006,,,,4.08,4.22,4.33,4.43
21/06/2006,,,,4.09,4.27,4.38,4.48
27/06/2006,4.3,4.44,4.55,,,,
28/06/2006,,,,4.09,4.32,4.46,4.58
5/07/2006,,,,4.09,4.31,4.42,4.55
11/07/2006,4.21,4.3,4.38,,,,
12/07/2006,,,,4.01,4.19,4.29,4.38
19/07/2006,,,,4.03,4.15,4.27,4.37
25/07/2006,4.16,4.24,4.34,,,,
26/07/2006,,,,4.02,4.15,4.25,4.35
2/08/2006,,,,3.99,4.15,4.23,4.3
8/08/2006,4.16,4.24,4.32,,,,
9/08/2006,,,,3.99,4.15,4.24,4.29
16/08/2006,,,,4.02,4.1,4.19,4.28
22/08/2006,4.13,4.2,4.27,,,,
23/08/2006,,,,4.03,4.13,4.19,4.27
30/08/2006,,,,4.15,4.13,4.17,4.22
5/09/2006,4.14,4.18,4.19,,,,
6/09/2006,,,,4.13,4.14,4.19,4.19
13/09/2006,,,,4.12,4.15,4.17,4.17
19/09/2006,4.17,4.16,4.17,,,,
20/09/2006,,,,4.11,4.16,4.16,4.16
27/09/2006,,,,4.12,4.15,4.13,4.1
3/10/2006,4.16,4.14,4.11,,,,
4/10/2006,,,,4.14,4.15,4.13,4.12
11/10/2006,,,,4.16,4.16,4.19,4.19
17/10/2006,4.16,4.18,4.17,,,,
18/10/2006,,,,4.12,4.16,4.2,4.19
25/10/2006,,,,4.12,4.16,4.2,4.22
31/10/2006,4.17,4.18,4.17,,,,
1/11/2006,,,,4.1,4.16,4.16,4.12
8/11/2006,,,,4.08,4.18,4.18,4.16
14/11/2006,4.18,4.18,4.14,,,,
15/11/2006,,,,4.09,4.19,4.2,4.18
22/11/2006,,,,4.14,4.18,4.18,4.14
28/11/2006,4.18,4.17,4.11,,,,
29/11/2006,,,,4.14,4.18,4.17,4.12
6/12/2006,,,,4.1,4.15,4.14,4.03
12/12/2006,4.18,4.18,4.11,,,,
13/12/2006,,,,4.13,4.17,4.18,4.13
20/12/2006,,,,4.09,4.16,4.16,4.14
26/12/2006,4.16,4.17,4.15,,,,
27/12/2006,,,,4.09,4.16,4.17,4.15
3/01/2007,,,,4.1,4.15,4.17,4.14
9/01/2007,4.17,4.18,4.18,,,,
10/01/2007,,,,4.1,4.15,4.18,4.18
17/01/2007,,,,4.13,4.15,4.21,4.23
23/01/2007,4.16,4.18,4.19,,,,
24/01/2007,,,,4.15,4.16,4.2,4.22
31/01/2007,,,,4.15,4.17,4.19,4.21
6/02/2007,4.17,4.2,4.23,,,,
7/02/2007,,,,4.14,4.17,4.19,4.2
14/02/2007,,,,4.15,4.17,4.2,4.2
20/02/2007,4.18,4.21,4.23,,,,
21/02/2007,,,,4.17,4.19,4.21,4.25
28/02/2007,,,,4.2,4.19,4.2,4.19
6/03/2007,4.19,4.18,4.13,,,,
7/03/2007,,,,4.18,4.18,4.17,4.09
14/03/2007,,,,4.1,4.16,4.17,4.11
20/03/2007,4.17,4.2,4.17,,,,
21/03/2007,,,,4.08,4.17,4.19,4.16
28/03/2007,,,,4.15,4.16,4.19,4.18
3/04/2007,4.17,4.21,4.21,,,,
4/04/2007,,,,4.08,4.16,4.2,4.21
11/04/2007,,,,4.08,4.17,4.23,4.27
17/04/2007,4.17,4.24,4.3,,,,
18/04/2007,,,,4.08,4.16,4.23,4.29
25/04/2007,,,,4.11,4.16,4.24,4.31
1/05/2007,4.17,4.25,4.32,,,,
2/05/2007,,,,4.1,4.16,4.25,4.31
9/05/2007,,,,4.13,4.16,4.25,4.31
15/05/2007,4.16,4.25,4.34,,,,
16/05/2007,,,,4.07,4.16,4.23,4.32
23/05/2007,,,,4.13,4.18,4.29,4.33
29/05/2007,4.29,4.43,4.56,,,,
30/05/2007,,,,4.17,4.29,4.43,4.56
6/06/2007,,,,4.17,4.3,4.46,4.58
12/06/2007,4.35,4.56,4.78,,,,
13/06/2007,,,,4.11,4.36,4.56,4.78
20/06/2007,,,,4.14,4.36,4.54,4.74
26/06/2007,4.42,4.56,4.75,,,,
27/06/2007,,,,4.14,4.42,4.55,4.73
4/07/2007,,,,4.22,4.42,4.57,4.72
10/07/2007,4.51,4.62,4.75,,,,
11/07/2007,,,,4.21,4.51,4.61,4.71
18/07/2007,,,,4.28,4.49,4.59,4.68
24/07/2007,4.56,4.69,4.78,,,,
25/07/2007,,,,4.29,4.57,4.69,4.79
1/08/2007,,,,4.31,4.54,4.67,4.73
7/08/2007,4.61,4.7,4.76,,,,
8/08/2007,,,,4.32,4.62,4.7,4.81
15/08/2007,,,,4.2,4.36,4.41,4.43
21/08/2007,4.01,4.07,4.06,,,,
22/08/2007,,,,3.95,3.96,4.12,4.14
29/08/2007,,,,3.9,3.83,4.18,4.25
4/09/2007,4.08,4.3,4.36,,,,
5/09/2007,,,,4.05,4.08,4.27,4.32
12/09/2007,,,,3.88,3.88,4.2,4.3
18/09/2007,4.11,4.3,4.39,,,,
19/09/2007,,,,4.01,4.06,4.24,4.28
26/09/2007,,,,3.9,3.97,4.21,4.29
2/10/2007,4.02,4.21,4.23,,,,
3/10/2007,,,,3.89,3.98,4.21,4.23
10/10/2007,,,,3.93,3.97,4.3,4.44
16/10/2007,3.99,4.3,4.42,,,,
17/10/2007,,,,3.87,3.89,4.26,4.39
24/10/2007,,,,3.94,3.88,4.2,4.28
30/10/2007,3.97,4.25,4.31,,,,
31/10/2007,,,,4.03,3.96,4.25,4.33
7/11/2007,,,,3.92,3.97,4.2,4.24
13/11/2007,4.02,4.22,4.22,,,,
14/11/2007,,,,3.95,4,4.2,4.24
21/11/2007,,,,3.92,3.97,4.19,3.92
27/11/2007,3.92,3.94,3.89,,,,
28/11/2007,,,,3.88,3.91,3.96,3.95
5/12/2007,,,,3.77,3.81,3.83,3.84
11/12/2007,3.88,4,4.02,,,,
12/12/2007,,,,3.65,3.86,4,4.02
19/12/2007,,,,3.73,3.8,3.99,3.98
25/12/2007,3.86,4,4,,,,
26/12/2007,,,,3.68,3.86,3.99,4.01
2/01/2008,,,,3.74,3.78,3.83,3.78
8/01/2008,3.75,3.79,3.77,,,,
9/01/2008,,,,3.71,3.73,3.73,3.7
16/01/2008,,,,3.62,3.58,3.61,3.51
22/01/2008,3.46,3.46,3.35,,,,
23/01/2008,,,,3.51,3.41,3.44,3.33
30/01/2008,,,,3.4,3.41,3.4,3.35
5/02/2008,3.31,3.33,3.23,,,,
6/02/2008,,,,3.3,3.29,3.31,3.2
13/02/2008,,,,3.15,3.27,3.29,3.22
19/02/2008,3.24,3.25,3.16,,,,
20/02/2008,,,,3.19,3.26,3.27,3.23
27/02/2008,,,,3.22,3.24,3.23,3.18
4/03/2008,2.94,2.96,2.89,,,,
5/03/2008,,,,2.88,2.83,2.9,2.85
12/03/2008,,,,2.37,2.29,2.61,2.65
18/03/2008,2.03,2.29,2.34,,,,
19/03/2008,,,,1.93,1.9,2.29,2.38
26/03/2008,,,,1.7,1.72,2.2,2.55
1/04/2008,1.98,2.43,2.65,,,,
2/04/2008,,,,2.01,2.01,2.49,2.76
9/04/2008,,,,2.28,2.26,2.5,2.71
15/04/2008,2.49,2.59,2.77,,,,
16/04/2008,,,,2.91,2.55,2.66,2.82
23/04/2008,,,,2.63,2.52,2.62,2.72
29/04/2008,2.7,2.72,2.81,,,,
30/04/2008,,,,2.78,2.68,2.67,2.69
7/05/2008,,,,2.41,2.61,2.58,2.69
13/05/2008,2.71,2.69,2.73,,,,
14/05/2008,,,,2.36,2.67,2.67,2.73
21/05/2008,,,,2.35,2.64,2.66,2.71
27/05/2008,2.73,2.75,2.87,,,,
28/05/2008,,,,2.55,2.68,2.78,2.88
4/06/2008,,,,2.33,2.5,2.58,2.68
10/06/2008,2.83,3.09,3.3,,,,
11/06/2008,,,,2.48,2.75,3.04,3.27
18/06/2008,,,,2.35,2.6,2.97,3.23
24/06/2008,2.69,3.01,3.25,,,,
25/06/2008,,,,2.36,2.6,2.99,3.24
2/07/2008,,,,2.25,2.44,2.93,3.15
8/07/2008,2.43,2.92,3.14,,,,
9/07/2008,,,,2.1,2.36,2.9,3.12
16/07/2008,,,,2.03,2.22,2.72,2.98
22/07/2008,2.42,2.84,3.08,,,,
23/07/2008,,,,2.34,2.41,2.83,3.08
30/07/2008,,,,2.3,2.41,2.76,2.95
5/08/2008,2.47,2.74,2.86,,,,
6/08/2008,,,,2.33,2.5,2.74,2.82
13/08/2008,,,,2.19,2.49,2.65,2.71
19/08/2008,2.52,2.67,2.67,,,,
20/08/2008,,,,2.23,2.47,2.67,2.7
27/08/2008,,,,2.22,2.42,2.65,2.68
2/09/2008,2.41,2.66,2.66,,,,
3/09/2008,,,,2.16,2.42,2.68,2.68
10/09/2008,,,,2.2,2.37,2.64,2.69
16/09/2008,2.16,2.36,2.41,,,,
17/09/2008,,,,1.68,1.76,2.3,2.47
24/09/2008,,,,1.9,1.92,2.39,2.64
30/09/2008,1.88,2.36,2.66,,,,
1/10/2008,,,,1.25,1.68,2.34,2.56
8/10/2008,,,,0.35,0.53,1.43,1.7
14/10/2008,1.64,2,2.06,,,,
15/10/2008,,,,1.7,1.71,2.01,2.06
22/10/2008,,,,1.75,1.88,1.95,1.95
28/10/2008,2.22,2.21,2.24,,,,
29/10/2008,,,,1.85,1.98,1.98,2.05
5/11/2008,,,,1.58,1.77,1.78,1.85
11/11/2008,1.91,1.9,1.89,,,,
12/11/2008,,,,1.6,1.81,1.8,1.83
19/11/2008,,,,1.85,1.85,1.78,1.8
25/11/2008,1.84,1.72,1.71,,,,
26/11/2008,,,,1.83,1.7,1.62,1.61
3/12/2008,,,,1.35,1.51,1.43,1.43
9/12/2008,1.3,1.31,1.33,,,,
10/12/2008,,,,1.15,1.22,1.23,1.3
17/12/2008,,,,0.75,0.82,0.91,0.94
23/12/2008,0.95,0.98,0.98,,,,
24/12/2008,,,,0.61,0.87,0.89,0.89
31/12/2008,,,,0.71,0.83,0.85,0.85
6/01/2009,0.94,0.93,0.97,,,,
7/01/2009,,,,0.73,0.84,0.82,0.89
14/01/2009,,,,0.65,0.7,0.71,0.71
20/01/2009,0.93,0.91,0.96,,,,
21/01/2009,,,,0.72,0.84,0.83,0.89
28/01/2009,,,,0.67,0.83,0.87,0.98
3/02/2009,0.9,0.92,1.03,,,,
4/02/2009,,,,0.65,0.85,0.88,0.98
11/02/2009,,,,0.57,0.7,0.73,0.82
17/02/2009,0.8,0.82,0.88,,,,
18/02/2009,,,,0.56,0.69,0.76,0.87
25/02/2009,,,,0.57,0.67,0.72,0.8
3/03/2009,0.53,0.63,0.73,,,,
4/03/2009,,,,0.4,0.44,0.54,0.64
11/03/2009,,,,0.33,0.41,0.53,0.58
17/03/2009,0.46,0.56,0.68,,,,
18/03/2009,,,,0.32,0.39,0.49,0.58
25/03/2009,,,,0.34,0.39,0.5,0.61
31/03/2009,0.42,0.51,0.63,,,,
1/04/2009,,,,0.34,0.39,0.48,0.59
8/04/2009,,,,0.34,0.38,0.48,0.64
14/04/2009,0.42,0.52,0.67,,,,
15/04/2009,,,,0.29,0.4,0.5,0.66
22/04/2009,,,,0.16,0.23,0.35,0.47
28/04/2009,0.25,0.35,0.47,,,,
29/04/2009,,,,0.15,0.22,0.3,0.44
6/05/2009,,,,0.11,0.17,0.29,0.42
12/05/2009,0.2,0.32,0.46,,,,
13/05/2009,,,,0.08,0.17,0.27,0.43
20/05/2009,,,,0.12,0.18,0.28,0.44
26/05/2009,0.2,0.31,0.48,,,,
27/05/2009,,,,0.16,0.2,0.32,0.49
3/06/2009,,,,0.17,0.2,0.32,0.5
9/06/2009,0.23,0.38,0.6,,,,
10/06/2009,,,,0.2,0.23,0.37,0.61
17/06/2009,,,,0.18,0.23,0.36,0.56
23/06/2009,0.24,0.37,0.58,,,,
24/06/2009,,,,0.17,0.24,0.36,0.55
1/07/2009,,,,0.18,0.24,0.31,0.51
7/07/2009,0.24,0.35,0.56,,,,
8/07/2009,,,,0.15,0.24,0.34,0.55
15/07/2009,,,,0.16,0.22,0.34,0.59
21/07/2009,0.24,0.35,0.6,,,,
22/07/2009,,,,0.18,0.24,0.31,0.58
29/07/2009,,,,0.18,0.23,0.32,0.59
4/08/2009,0.26,0.35,0.65,,,,
5/08/2009,,,,0.17,0.26,0.36,0.66
12/08/2009,,,,0.14,0.23,0.32,0.57
18/08/2009,0.24,0.34,0.58,,,,
19/08/2009,,,,0.08,0.22,0.34,0.57
26/08/2009,,,,0.12,0.21,0.3,0.53
1/09/2009,0.23,0.34,0.57,,,,
2/09/2009,,,,0.11,0.22,0.32,0.55
9/09/2009,,,,0.11,0.21,0.3,0.54
15/09/2009,0.23,0.32,0.53,,,,
16/09/2009,,,,0.1,0.21,0.3,0.5
23/09/2009,,,,0.14,0.24,0.29,0.49
29/09/2009,0.22,0.33,0.58,,,,
30/09/2009,,,,0.18,0.22,0.31,0.57
7/10/2009,,,,0.16,0.2,0.29,0.54
13/10/2009,0.23,0.34,0.67,,,,
14/10/2009,,,,0.17,0.23,0.33,0.68
21/10/2009,,,,0.18,0.21,0.29,0.58
27/10/2009,0.23,0.33,0.64,,,,
28/10/2009,,,,0.18,0.22,0.31,0.6
4/11/2009,,,,0.17,0.22,0.29,0.56
10/11/2009,0.23,0.31,0.54,,,,
11/11/2009,,,,0.17,0.21,0.29,0.54
18/11/2009,,,,0.16,0.21,0.27,0.5
24/11/2009,0.23,0.3,0.52,,,,
25/11/2009,,,,0.17,0.22,0.28,0.48
2/12/2009,,,,0.16,0.2,0.28,0.48
8/12/2009,0.22,0.3,0.55,,,,
9/12/2009,,,,0.16,0.21,0.27,0.53
16/12/2009,,,,0.14,0.2,0.26,0.56
22/12/2009,0.2,0.3,0.65,,,,
23/12/2009,,,,0.11,0.19,0.27,0.66
30/12/2009,,,,0.13,0.19,0.27,0.67
5/01/2010,0.2,0.29,0.69,,,,
6/01/2010,,,,0.16,0.19,0.28,0.65
13/01/2010,,,,0.14,0.18,0.27,0.6
19/01/2010,0.18,0.28,0.65,,,,
20/01/2010,,,,0.14,0.16,0.25,0.57
27/01/2010,,,,0.13,0.16,0.25,0.56
2/02/2010,0.18,0.27,0.54,,,,
3/02/2010,,,,0.12,0.17,0.24,0.54
10/02/2010,,,,0.14,0.17,0.25,0.56
16/02/2010,0.17,0.28,0.63,,,,
17/02/2010,,,,0.12,0.16,0.27,0.62
24/02/2010,,,,0.14,0.16,0.28,0.62
2/03/2010,0.19,0.29,0.65,,,,
3/03/2010,,,,0.17,0.18,0.3,0.69
10/03/2010,,,,0.18,0.21,0.32,0.7
16/03/2010,0.23,0.35,0.77,,,,
17/03/2010,,,,0.15,0.23,0.33,0.78
24/03/2010,,,,0.2,0.24,0.39,0.87
30/03/2010,0.29,0.47,0.95,,,,
31/03/2010,,,,0.2,0.28,0.48,0.96
7/04/2010,,,,0.2,0.29,0.48,0.98
13/04/2010,0.3,0.6,1.11,,,,
14/04/2010,,,,0.16,0.29,0.59,1.12
21/04/2010,,,,0.2,0.38,0.71,1.3
27/04/2010,0.4,0.72,1.29,,,,
28/04/2010,,,,0.18,0.39,0.72,1.29
5/05/2010,,,,0.16,0.36,0.64,1.12
11/05/2010,0.41,0.76,1.25,,,,
12/05/2010,,,,0.14,0.39,0.76,1.26
19/05/2010,,,,0.13,0.36,0.65,1.11
25/05/2010,0.43,0.64,1.02,,,,
26/05/2010,,,,0.14,0.45,0.62,1.02
2/06/2010,,,,0.28,0.5,0.71,1.13
8/06/2010,0.54,0.78,1.15,,,,
9/06/2010,,,,0.25,0.54,0.79,1.19
16/06/2010,,,,0.26,0.53,0.79,1.22
22/06/2010,0.58,0.84,1.25,,,,
23/06/2010,,,,0.32,0.54,0.79,1.17
30/06/2010,,,,0.28,0.5,0.73,1.01
6/07/2010,0.55,0.81,1.08,,,,
7/07/2010,,,,0.25,0.5,0.78,1.04
14/07/2010,,,,0.31,0.54,0.87,1.18
20/07/2010,0.64,0.85,1.08,,,,
21/07/2010,,,,0.51,0.61,0.86,1.11
28/07/2010,,,,0.55,0.65,0.89,1.17
3/08/2010,0.7,0.93,1.15,,,,
4/08/2010,,,,0.54,0.68,0.94,1.18
11/08/2010,,,,0.53,0.67,0.91,1.07
17/08/2010,0.7,0.94,1.1,,,,
18/08/2010,,,,0.5,0.67,0.91,1.1
25/08/2010,,,,0.43,0.62,0.82,0.98
31/08/2010,0.69,0.9,1.03,,,,
1/09/2010,,,,0.59,0.7,0.91,1.03
8/09/2010,,,,0.79,0.87,1.03,1.19
14/09/2010,0.92,1.08,1.29,,,,
15/09/2010,,,,0.77,0.91,1.08,1.3
22/09/2010,,,,0.8,0.9,1.05,1.27
28/09/2010,0.89,1.09,1.31,,,,
29/09/2010,,,,0.84,0.87,1.07,1.27
6/10/2010,,,,0.86,0.87,1,1.21
12/10/2010,0.89,1.01,1.2,,,,
13/10/2010,,,,0.88,0.9,1.02,1.22
20/10/2010,,,,0.86,0.89,0.98,1.16
26/10/2010,0.92,1.02,1.2,,,,
27/10/2010,,,,0.87,0.92,1.02,1.21
3/11/2010,,,,0.88,0.92,1.02,1.19
9/11/2010,0.94,1.06,1.27,,,,
10/11/2010,,,,0.89,0.95,1.07,1.27
17/11/2010,,,,0.88,0.95,1.05,1.26
23/11/2010,0.98,1.1,1.32,,,,
24/11/2010,,,,0.93,0.99,1.12,1.39
1/12/2010,,,,0.95,1.01,1.13,1.38
7/12/2010,1.01,1.12,1.32,,,,
8/12/2010,,,,0.9,1.01,1.14,1.34
15/12/2010,,,,0.9,0.98,1.12,1.37
21/12/2010,1,1.14,1.37,,,,
22/12/2010,,,,0.88,0.99,1.13,1.36
29/12/2010,,,,0.92,0.98,1.13,1.38
4/01/2011,1,1.17,1.44,,,,
5/01/2011,,,,0.89,0.98,1.16,1.44
12/01/2011,,,,0.9,0.95,1.14,1.4
18/01/2011,0.99,1.16,1.46,,,,
19/01/2011,,,,0.86,0.97,1.11,1.37
26/01/2011,,,,0.88,0.95,1.08,1.33
1/02/2011,0.97,1.07,1.32,,,,
2/02/2011,,,,0.87,0.94,1.07,1.33
9/02/2011,,,,0.89,0.96,1.06,1.36
15/02/2011,0.97,1.13,1.44,,,,
16/02/2011,,,,0.9,0.96,1.13,1.45
23/02/2011,,,,0.91,0.95,1.08,1.36
1/03/2011,0.97,1.1,1.39,,,,
2/03/2011,,,,0.91,0.95,1.09,1.37
9/03/2011,,,,0.91,0.95,1.1,1.4
15/03/2011,0.94,1.07,1.27,,,,
16/03/2011,,,,0.78,0.9,1.04,1.24
23/03/2011,,,,0.87,0.91,1.05,1.29
29/03/2011,0.92,1.08,1.34,,,,
30/03/2011,,,,0.89,0.92,1.07,1.35
6/04/2011,,,,0.93,0.97,1.1,1.41
12/04/2011,0.97,1.14,1.47,,,,
13/04/2011,,,,0.9,0.95,1.11,1.41
20/04/2011,,,,0.93,0.97,1.13,1.44
26/04/2011,0.98,1.14,1.43,,,,
27/04/2011,,,,0.9,0.97,1.13,1.43
4/05/2011,,,,0.91,0.96,1.09,1.35
10/05/2011,0.98,1.13,1.39,,,,
11/05/2011,,,,0.9,0.98,1.13,1.38
18/05/2011,,,,0.88,0.96,1.09,1.32
24/05/2011,0.96,1.07,1.28,,,,
25/05/2011,,,,0.88,0.95,1.06,1.27
1/06/2011,,,,0.9,0.95,1.03,1.22
7/06/2011,0.95,1.05,1.24,,,,
8/06/2011,,,,0.87,0.94,1.03,1.22
15/06/2011,,,,0.89,0.94,1.03,1.22
21/06/2011,0.92,1.02,1.22,,,,
22/06/2011,,,,0.86,0.88,1,1.2
29/06/2011,,,,0.89,0.93,1.04,1.21
5/07/2011,0.93,1.05,1.26,,,,
6/07/2011,,,,0.9,0.93,1.04,1.23
13/07/2011,,,,0.89,0.92,1.01,1.18
19/07/2011,0.93,1.04,1.24,,,,
20/07/2011,,,,0.88,0.92,1.05,1.28
27/07/2011,,,,0.91,0.92,1.03,1.25
2/08/2011,0.92,1.01,1.18,,,,
3/08/2011,,,,0.86,0.91,0.99,1.14
10/08/2011,,,,0.78,0.79,0.82,0.8
16/08/2011,0.85,0.93,0.93,,,,
17/08/2011,,,,0.76,0.85,0.93,0.93
24/08/2011,,,,0.83,0.89,0.92,0.92
30/08/2011,0.93,0.94,0.95,,,,
31/08/2011,,,,0.94,0.93,0.95,0.97
7/09/2011,,,,0.86,0.92,0.91,0.9
13/09/2011,0.9,0.91,0.92,,,,
14/09/2011,,,,0.82,0.88,0.9,0.92
21/09/2011,,,,0.77,0.86,0.88,0.89
27/09/2011,0.87,0.88,0.88,,,,
28/09/2011,,,,0.82,0.83,0.87,0.88
5/10/2011,,,,0.8,0.81,0.84,0.83
11/10/2011,0.86,0.89,0.93,,,,
12/10/2011,,,,0.8,0.87,0.91,0.95
19/10/2011,,,,0.84,0.88,0.9,0.94
25/10/2011,0.87,0.92,0.94,,,,
26/10/2011,,,,0.85,0.89,0.94,0.96
2/11/2011,,,,0.84,0.89,0.91,0.91
8/11/2011,0.91,0.94,0.93,,,,
9/11/2011,,,,0.83,0.89,0.9,0.88
16/11/2011,,,,0.83,0.89,0.91,0.87
22/11/2011,0.89,0.91,0.86,,,,
23/11/2011,,,,0.81,0.88,0.89,0.86
30/11/2011,,,,0.8,0.86,0.91,0.92
6/12/2011,0.84,0.9,0.9,,,,
7/12/2011,,,,0.76,0.84,0.89,0.88
14/12/2011,,,,0.78,0.82,0.87,0.86
20/12/2011,0.83,0.89,0.89,,,,
21/12/2011,,,,0.74,0.83,0.89,0.89
28/12/2011,,,,0.76,0.83,0.91,0.92
3/01/2012,0.83,0.94,0.98,,,,
4/01/2012,,,,0.72,0.82,0.92,0.97
11/01/2012,,,,0.71,0.79,0.9,0.95
17/01/2012,0.82,0.92,0.97,,,,
18/01/2012,,,,0.77,0.83,0.9,0.97
25/01/2012,,,,0.84,0.86,0.92,0.98
31/01/2012,0.88,0.93,0.98,,,,
1/02/2012,,,,0.86,0.89,0.93,0.98
8/02/2012,,,,0.84,0.89,0.93,1.01
14/02/2012,0.93,0.99,1.03,,,,
15/02/2012,,,,0.84,0.94,0.98,1.02
22/02/2012,,,,0.88,0.94,0.99,1.04
28/02/2012,0.94,0.99,1.03,,,,
29/02/2012,,,,0.88,0.93,0.98,1.05
7/03/2012,,,,0.85,0.91,0.97,1.05
13/03/2012,0.92,1,1.1,,,,
14/03/2012,,,,0.82,0.93,1,1.1
21/03/2012,,,,0.88,0.9,1.01,1.11
27/03/2012,0.93,1.02,1.1,,,,
28/03/2012,,,,0.89,0.92,0.99,1.08
4/04/2012,,,,0.93,0.94,0.99,1.09
10/04/2012,0.94,1.01,1.1,,,,
11/04/2012,,,,0.92,0.95,1.02,1.1
18/04/2012,,,,0.97,0.98,1.06,1.19
24/04/2012,1.04,1.12,1.26,,,,
25/04/2012,,,,0.98,1.06,1.15,1.32
2/05/2012,,,,0.96,1.03,1.12,1.24
8/05/2012,1.03,1.1,1.22,,,,
9/05/2012,,,,0.86,0.99,1.06,1.17
16/05/2012,,,,0.89,1,1.1,1.21
22/05/2012,1.01,1.08,1.17,,,,
23/05/2012,,,,0.89,0.98,1.03,1.08
30/05/2012,,,,0.9,0.94,1,1.02
5/06/2012,0.92,0.97,1.01,,,,
6/06/2012,,,,0.89,0.88,0.97,1.01
13/06/2012,,,,0.89,0.89,0.95,1
19/06/2012,0.9,0.95,1,,,,
20/06/2012,,,,0.87,0.9,0.96,1.02
27/06/2012,,,,0.88,0.86,0.93,0.96
3/07/2012,0.89,0.96,0.99,,,,
4/07/2012,,,,0.88,0.87,0.94,0.99
11/07/2012,,,,0.85,0.86,0.92,0.94
17/07/2012,0.89,0.94,0.97,,,,
18/07/2012,,,,0.89,0.9,0.94,0.96
25/07/2012,,,,0.91,0.92,0.94,0.97
31/07/2012,0.97,0.99,1.07,,,,
1/08/2012,,,,0.93,0.98,0.99,1.07
8/08/2012,,,,0.91,0.98,1.02,1.11
14/08/2012,1.01,1.05,1.15,,,,
15/08/2012,,,,0.95,1.02,1.05,1.17
22/08/2012,,,,0.96,1,1.03,1.12
28/08/2012,1.03,1.08,1.17,,,,
29/08/2012,,,,0.97,1.03,1.06,1.14
5/09/2012,,,,0.98,1.02,1.05,1.12
11/09/2012,1.03,1.07,1.16,,,,
12/09/2012,,,,0.97,1.03,1.07,1.16
19/09/2012,,,,0.97,0.99,1.03,1.14
25/09/2012,1,1.04,1.13,,,,
26/09/2012,,,,0.96,0.99,1.02,1.09
3/10/2012,,,,0.91,0.96,0.99,1.06
9/10/2012,0.99,1.04,1.14,,,,
10/10/2012,,,,0.93,0.98,1.03,1.12
17/10/2012,,,,0.93,0.96,1,1.07
23/10/2012,1,1.04,1.11,,,,
24/10/2012,,,,0.93,0.99,1.03,1.09
31/10/2012,,,,0.92,0.99,1.02,1.06
6/11/2012,0.99,1.03,1.08,,,,
7/11/2012,,,,0.9,0.98,1.02,1.06
14/11/2012,,,,0.91,0.98,1.01,1.06
20/11/2012,0.99,1.03,1.08,,,,
21/11/2012,,,,0.92,0.97,1.02,1.07
28/11/2012,,,,0.93,0.95,1.02,1.08
4/12/2012,0.98,1.03,1.07,,,,
5/12/2012,,,,0.91,0.95,1.02,1.05
12/12/2012,,,,0.91,0.96,1.02,1.06
18/12/2012,0.98,1.04,1.12,,,,
19/12/2012,,,,0.9,0.95,1.02,1.1
26/12/2012,,,,0.9,0.92,1.01,1.1
1/01/2013,0.94,1.02,1.12,,,,
2/01/2013,,,,0.91,0.92,1.01,1.11
9/01/2013,,,,0.89,0.91,0.99,1.1
15/01/2013,0.93,1.01,1.11,,,,
16/01/2013,,,,0.88,0.92,0.99,1.09
23/01/2013,,,,0.9,0.92,0.99,1.07
29/01/2013,0.93,1,1.08,,,,
30/01/2013,,,,0.92,0.93,0.99,1.08
6/02/2013,,,,0.93,0.94,1,1.06
12/02/2013,0.94,1,1.06,,,,
13/02/2013,,,,0.91,0.94,1,1.07
20/02/2013,,,,0.92,0.95,1.01,1.06
26/02/2013,0.96,0.99,1.02,,,,
27/02/2013,,,,0.91,0.96,0.99,1.01
6/03/2013,,,,0.93,0.95,0.99,1
12/03/2013,0.96,1.01,1.02,,,,
13/03/2013,,,,0.93,0.96,1.01,1.03
20/03/2013,,,,0.97,0.97,1,1.02
26/03/2013,0.98,1.01,1.04,,,,
27/03/2013,,,,0.95,0.97,1.01,1.03
3/04/2013,,,,0.95,0.98,1,1.04
9/04/2013,0.97,1.01,1.04,,,,
10/04/2013,,,,0.95,0.98,1,1.03
17/04/2013,,,,0.96,0.98,0.99,1.01
23/04/2013,0.99,1.01,1.02,,,,
24/04/2013,,,,0.97,0.99,1.01,1.02
1/05/2013,,,,0.97,0.99,1.01,1.02
7/05/2013,1,1.01,1.04,,,,
8/05/2013,,,,0.96,0.99,1.01,1.04
15/05/2013,,,,0.94,1,1.02,1.06
21/05/2013,1,1.02,1.06,,,,
22/05/2013,,,,0.95,1,1.02,1.06
29/05/2013,,,,0.99,1.01,1.03,1.08
4/06/2013,1.02,1.03,1.08,,,,
5/06/2013,,,,1.01,1.02,1.03,1.08
12/06/2013,,,,0.99,1.02,1.05,1.11
18/06/2013,1.02,1.04,1.08,,,,
19/06/2013,,,,1.02,1.03,1.05,1.11
26/06/2013,,,,1.01,1.03,1.05,1.13
2/07/2013,1.02,1.06,1.13,,,,
3/07/2013,,,,1,1.03,1.05,1.12
10/07/2013,,,,1,1.02,1.04,1.1
16/07/2013,1.02,1.04,1.1,,,,
17/07/2013,,,,0.98,1.01,1.04,1.09
24/07/2013,,,,0.99,1,1.04,1.11
30/07/2013,1.01,1.04,1.12,,,,
31/07/2013,,,,0.98,1,1.04,1.13
7/08/2013,,,,0.98,0.99,1.04,1.11
13/08/2013,1,1.03,1.13,,,,
14/08/2013,,,,0.98,1,1.03,1.12
21/08/2013,,,,0.98,0.99,1.03,1.11
27/08/2013,1,1.03,1.1,,,,
28/08/2013,,,,0.98,0.99,1.02,1.11
4/09/2013,,,,0.97,0.99,1.03,1.11
10/09/2013,0.99,1.02,1.12,,,,
11/09/2013,,,,0.96,0.99,1.01,1.11
18/09/2013,,,,0.96,0.99,1,1.09
24/09/2013,0.99,1,1.07,,,,
25/09/2013,,,,0.96,0.98,0.99,1.07
2/10/2013,,,,0.94,0.97,0.99,1.05
8/10/2013,0.96,0.98,1.03,,,,
9/10/2013,,,,0.89,0.92,0.97,1.01
16/10/2013,,,,0.9,0.92,0.94,1.02
22/10/2013,0.92,0.94,1.02,,,,
23/10/2013,,,,0.87,0.91,0.93,0.99
30/10/2013,,,,0.9,0.9,0.93,1
5/11/2013,0.89,0.94,1,,,,
6/11/2013,,,,0.9,0.9,0.93,1
13/11/2013,,,,0.91,0.92,0.95,1.02
19/11/2013,0.94,0.96,1.01,,,,
20/11/2013,,,,0.93,0.94,0.96,1.02
27/11/2013,,,,0.94,0.94,0.96,1
3/12/2013,0.93,0.96,0.99,,,,
4/12/2013,,,,0.93,0.93,0.96,0.99
11/12/2013,,,,0.91,0.93,0.94,0.98
17/12/2013,0.9,0.95,0.98,,,,
18/12/2013,,,,0.9,0.9,0.95,0.98
25/12/2013,,,,0.89,0.91,0.94,0.97
31/12/2013,0.89,0.94,0.98,,,,
1/01/2014,,,,0.88,0.91,0.95,0.99
8/01/2014,,,,0.85,0.88,0.93,0.98
14/01/2014,0.89,0.92,0.95,,,,
15/01/2014,,,,0.85,0.89,0.92,0.96
22/01/2014,,,,0.87,0.9,0.92,0.95
28/01/2014,0.89,0.92,0.94,,,,
29/01/2014,,,,0.83,0.89,0.92,0.94
5/02/2014,,,,0.83,0.88,0.91,0.95
11/02/2014,0.88,0.91,0.94,,,,
12/02/2014,,,,0.83,0.88,0.92,0.95
19/02/2014,,,,0.8,0.87,0.91,0.95
25/02/2014,0.87,0.91,0.96,,,,
26/02/2014,,,,0.81,0.85,0.92,0.97
5/03/2014,,,,0.75,0.82,0.88,0.96
11/03/2014,0.83,0.87,0.95,,,,
12/03/2014,,,,0.74,0.82,0.88,0.94
19/03/2014,,,,0.8,0.84,0.87,0.95
25/03/2014,0.88,0.91,0.96,,,,
26/03/2014,,,,0.89,0.89,0.92,0.97
2/04/2014,,,,0.9,0.92,0.92,0.98
8/04/2014,0.91,0.94,0.99,,,,
9/04/2014,,,,0.91,0.9,0.94,0.99
16/04/2014,,,,0.91,0.92,0.94,1
22/04/2014,0.94,0.96,1,,,,
23/04/2014,,,,0.92,0.94,0.95,0.99
30/04/2014,,,,0.92,0.95,0.96,1
6/05/2014,0.93,0.96,1,,,,
7/05/2014,,,,0.91,0.93,0.95,0.99
14/05/2014,,,,0.92,0.92,0.95,0.98
20/05/2014,0.92,0.94,0.99,,,,
21/05/2014,,,,0.91,0.92,0.95,0.99
28/05/2014,,,,0.92,0.93,0.95,0.99
3/06/2014,0.93,0.96,0.99,,,,
4/06/2014,,,,0.91,0.92,0.95,0.98
11/06/2014,,,,0.93,0.93,0.95,0.98
17/06/2014,0.93,0.96,1,,,,
18/06/2014,,,,0.91,0.94,0.96,0.99
25/06/2014,,,,0.94,0.95,0.96,1.01
1/07/2014,0.94,0.97,1.02,,,,
2/07/2014,,,,0.92,0.94,0.97,1.01
9/07/2014,,,,0.91,0.94,0.97,1.01
15/07/2014,0.94,0.98,1.01,,,,
16/07/2014,,,,0.92,0.95,0.97,1.01
23/07/2014,,,,0.94,0.95,0.98,1.02
29/07/2014,0.95,0.98,1.02,,,,
30/07/2014,,,,0.94,0.96,0.98,1.03
6/08/2014,,,,0.94,0.96,0.99,1.02
12/08/2014,0.95,0.97,1.02,,,,
13/08/2014,,,,0.92,0.96,0.98,1.02
20/08/2014,,,,0.93,0.94,0.96,1.01
26/08/2014,0.94,0.97,1.02,,,,
27/08/2014,,,,0.93,0.94,0.97,1.01
3/09/2014,,,,0.91,0.93,0.97,1.01
9/09/2014,0.93,0.95,1,,,,
10/09/2014,,,,0.93,0.93,0.96,1
17/09/2014,,,,0.91,0.93,0.94,1.01
23/09/2014,0.92,0.94,1,,,,
24/09/2014,,,,0.9,0.92,0.95,1
1/10/2014,,,,0.9,0.92,0.94,1
7/10/2014,0.9,0.93,1,,,,
8/10/2014,,,,0.89,0.89,0.92,0.98
15/10/2014,,,,0.88,0.89,0.9,0.95
21/10/2014,0.88,0.91,0.98,,,,
22/10/2014,,,,0.86,0.89,0.91,0.97
29/10/2014,,,,0.86,0.88,0.92,0.98
4/11/2014,0.89,0.92,0.98,,,,
5/11/2014,,,,0.88,0.9,0.92,0.98
12/11/2014,,,,0.91,0.9,0.92,0.98
18/11/2014,0.9,0.92,0.98,,,,
19/11/2014,,,,0.9,0.9,0.92,0.98
26/11/2014,,,,0.9,0.91,0.93,0.98
2/12/2014,0.9,0.93,0.98,,,,
3/12/2014,,,,0.88,0.9,0.92,0.98
10/12/2014,,,,0.87,0.9,0.92,0.98
16/12/2014,0.89,0.92,0.97,,,,
17/12/2014,,,,0.87,0.9,0.93,0.98
24/12/2014,,,,0.91,0.9,0.93,0.99
30/12/2014,0.91,0.94,0.99,,,,
31/12/2014,,,,0.88,0.91,0.93,0.99
7/01/2015,,,,0.86,0.92,0.93,0.98
13/01/2015,0.91,0.94,0.97,,,,
14/01/2015,,,,0.87,0.92,0.94,0.95
21/01/2015,,,,0.62,0.62,0.61,0.58
27/01/2015,0.59,0.57,0.54,,,,
28/01/2015,,,,0.6,0.6,0.57,0.54
4/02/2015,,,,0.55,0.54,0.53,0.48
10/02/2015,0.54,0.54,0.51,,,,
11/02/2015,,,,0.53,0.53,0.49,0.46
18/02/2015,,,,0.5,0.5,0.48,0.45
24/02/2015,0.47,0.45,0.43,,,,
25/02/2015,,,,0.54,0.56,0.55,0.53
4/03/2015,,,,0.6,0.59,0.62,0.64
10/03/2015,0.59,0.62,0.63,,,,
11/03/2015,,,,0.55,0.55,0.61,0.62
18/03/2015,,,,0.53,0.53,0.56,0.55
24/03/2015,0.53,0.54,0.53,,,,
25/03/2015,,,,0.53,0.54,0.55,0.56
1/04/2015,,,,0.56,0.56,0.58,0.59
7/04/2015,0.58,0.6,0.61,,,,
8/04/2015,,,,0.61,0.59,0.58,0.6
15/04/2015,,,,0.61,0.62,0.62,0.64
21/04/2015,0.65,0.66,0.69,,,,
22/04/2015,,,,0.64,0.66,0.67,0.69
29/04/2015,,,,0.64,0.66,0.68,0.7
5/05/2015,0.67,0.69,0.72,,,,
6/05/2015,,,,0.64,0.69,0.7,0.72
13/05/2015,,,,0.6,0.65,0.69,0.71
19/05/2015,0.67,0.69,0.72,,,,
20/05/2015,,,,0.62,0.66,0.69,0.63
27/05/2015,,,,0.6,0.63,0.67,0.7
2/06/2015,0.62,0.65,0.66,,,,
3/06/2015,,,,0.59,0.62,0.65,0.67
10/06/2015,,,,0.59,0.61,0.65,0.69
16/06/2015,0.63,0.66,0.69,,,,
17/06/2015,,,,0.58,0.63,0.66,0.69
24/06/2015,,,,0.58,0.58,0.63,0.67
30/06/2015,0.58,0.6,0.6,,,,
1/07/2015,,,,0.58,0.58,0.59,0.58
8/07/2015,,,,0.5,0.52,0.52,0.51
14/07/2015,0.55,0.55,0.51,,,,
15/07/2015,,,,0.41,0.42,0.43,0.44
22/07/2015,,,,0.41,0.42,0.44,0.45
28/07/2015,0.43,0.44,0.45,,,,
29/07/2015,,,,0.4,0.41,0.43,0.46
5/08/2015,,,,0.37,0.4,0.42,0.4
11/08/2015,0.4,0.42,0.44,,,,
12/08/2015,,,,0.37,0.4,0.41,0.41
19/08/2015,,,,0.37,0.37,0.38,0.41
25/08/2015,0.38,0.37,0.38,,,,
26/08/2015,,,,0.38,0.37,0.39,0.39
2/09/2015,,,,0.36,0.37,0.4,0.42
8/09/2015,0.37,0.41,0.44,,,,
9/09/2015,,,,0.39,0.38,0.41,0.46
16/09/2015,,,,0.39,0.4,0.43,0.48
22/09/2015,0.41,0.43,0.48,,,,
23/09/2015,,,,0.41,0.42,0.43,0.48
30/09/2015,,,,0.41,0.43,0.44,0.49
6/10/2015,0.42,0.44,0.48,,,,
7/10/2015,,,,0.41,0.41,0.44,0.49
14/10/2015,,,,0.39,0.39,0.42,0.48
20/10/2015,0.39,0.44,0.5,,,,
21/10/2015,,,,0.39,0.4,0.44,0.49
28/10/2015,,,,0.39,0.41,0.44,0.5
3/11/2015,0.41,0.46,0.51,,,,
4/11/2015,,,,0.42,0.43,0.46,0.53
11/11/2015,,,,0.41,0.44,0.47,0.53
17/11/2015,0.44,0.47,0.53,,,,
18/11/2015,,,,0.44,0.46,0.48,0.53
25/11/2015,,,,0.46,0.48,0.5,0.54
1/12/2015,0.5,0.52,0.55,,,,
2/12/2015,,,,0.47,0.49,0.53,0.55
9/12/2015,,,,0.43,0.46,0.49,0.5
15/12/2015,0.47,0.5,0.51,,,,
16/12/2015,,,,0.44,0.47,0.5,0.52
23/12/2015,,,,0.45,0.48,0.49,0.5
29/12/2015,0.5,0.5,0.5,,,,
30/12/2015,,,,0.42,0.52,0.51,0.51
6/01/2016,,,,0.41,0.45,0.44,0.44
12/01/2016,0.42,0.41,0.4,,,,
13/01/2016,,,,0.41,0.4,0.37,0.35
20/01/2016,,,,0.41,0.41,0.41,0.41
26/01/2016,0.48,0.47,0.45,,,,
27/01/2016,,,,0.45,0.48,0.48,0.46
3/02/2016,,,,0.43,0.45,0.44,0.43
9/02/2016,0.45,0.42,0.41,,,,
10/02/2016,,,,0.43,0.46,0.43,0.42
17/02/2016,,,,0.42,0.46,0.47,0.47
23/02/2016,0.46,0.47,0.48,,,,
24/02/2016,,,,0.42,0.46,0.48,0.49
2/03/2016,,,,0.44,0.47,0.49,0.52
8/03/2016,0.47,0.49,0.52,,,,
9/03/2016,,,,0.44,0.47,0.5,0.52
16/03/2016,,,,0.44,0.46,0.5,0.53
22/03/2016,0.46,0.51,0.54,,,,
23/03/2016,,,,0.43,0.46,0.5,0.54
30/03/2016,,,,0.43,0.44,0.49,0.53
5/04/2016,0.46,0.51,0.55,,,,
6/04/2016,,,,0.5,0.47,0.48,0.55
13/04/2016,,,,0.46,0.48,0.48,0.51
19/04/2016,0.54,0.56,0.6,,,,
20/04/2016,,,,0.52,0.55,0.57,0.58
27/04/2016,,,,0.5,0.55,0.58,0.6
3/05/2016,0.54,0.56,0.6,,,,
4/05/2016,,,,0.49,0.53,0.56,0.58
11/05/2016,,,,0.44,0.49,0.52,0.54
17/05/2016,0.54,0.56,0.58,,,,
18/05/2016,,,,0.46,0.48,0.51,0.59
25/05/2016,,,,0.46,0.53,0.52,0.52
31/05/2016,0.55,0.57,0.62,,,,
1/06/2016,,,,0.46,0.53,0.56,0.6
8/06/2016,,,,0.43,0.5,0.52,0.55
14/06/2016,0.52,0.53,0.52,,,,
15/06/2016,,,,0.48,0.51,0.52,0.52
22/06/2016,,,,0.51,0.52,0.54,0.54
28/06/2016,0.49,0.51,0.51,,,,
29/06/2016,,,,0.48,0.49,0.52,0.52
6/07/2016,,,,0.47,0.49,0.49,0.51
12/07/2016,0.47,0.51,0.51,,,,
13/07/2016,,,,0.46,0.47,0.5,0.49
20/07/2016,,,,0.49,0.51,0.53,0.57
26/07/2016,0.5,0.55,0.57,,,,
27/07/2016,,,,0.49,0.53,0.55,0.58
3/08/2016,,,,0.51,0.52,0.54,0.56
9/08/2016,0.52,0.53,0.53,,,,
10/08/2016,,,,0.48,0.51,0.51,0.52
17/08/2016,,,,0.45,0.49,0.53,0.55
23/08/2016,0.51,0.54,0.55,,,,
24/08/2016,,,,0.43,0.5,0.54,0.55
31/08/2016,,,,0.46,0.51,0.53,0.56
6/09/2016,0.51,0.54,0.57,,,,
7/09/2016,,,,0.45,0.49,0.53,0.56
14/09/2016,,,,0.46,0.49,0.53,0.57
20/09/2016,0.53,0.54,0.57,,,,
21/09/2016,,,,0.5,0.53,0.55,0.57
28/09/2016,,,,0.46,0.51,0.52,0.53
4/10/2016,0.5,0.53,0.55,,,,
5/10/2016,,,,0.45,0.49,0.52,0.56
12/10/2016,,,,0.48,0.49,0.53,0.58
18/10/2016,0.5,0.54,0.58,,,,
19/10/2016,,,,0.46,0.48,0.53,0.56
26/10/2016,,,,0.47,0.49,0.51,0.55
1/11/2016,0.47,0.51,0.54,,,,
2/11/2016,,,,0.45,0.47,0.49,0.53
9/11/2016,,,,0.44,0.46,0.48,0.55
15/11/2016,0.5,0.54,0.59,,,,
16/11/2016,,,,0.43,0.49,0.54,0.58
23/11/2016,,,,0.45,0.47,0.52,0.57
29/11/2016,0.51,0.55,0.58,,,,
30/11/2016,,,,0.47,0.51,0.55,0.59
7/12/2016,,,,0.42,0.46,0.53,0.58
13/12/2016,0.5,0.55,0.61,,,,
14/12/2016,,,,0.43,0.49,0.56,0.62
21/12/2016,,,,0.42,0.48,0.56,0.62
27/12/2016,0.47,0.56,0.65,,,,
28/12/2016,,,,0.42,0.48,0.57,0.64
4/01/2017,,,,0.39,0.45,0.55,0.62
10/01/2017,0.48,0.56,0.64,,,,
11/01/2017,,,,0.4,0.47,0.52,0.63
18/01/2017,,,,0.41,0.43,0.5,0.61
24/01/2017,0.46,0.53,0.61,,,,
25/01/2017,,,,0.42,0.45,0.49,0.62
1/02/2017,,,,0.46,0.47,0.5,0.6
7/02/2017,0.47,0.52,0.6,,,,
8/02/2017,,,,0.41,0.46,0.51,0.6
15/02/2017,,,,0.44,0.46,0.51,0.6
21/02/2017,0.48,0.52,0.61,,,,
22/02/2017,,,,0.43,0.47,0.52,0.6
1/03/2017,,,,0.46,0.48,0.51,0.6
7/03/2017,0.5,0.54,0.63,,,,
8/03/2017,,,,0.39,0.48,0.54,0.64
15/03/2017,,,,0.44,0.5,0.54,0.64
21/03/2017,0.51,0.56,0.64,,,,
22/03/2017,,,,0.44,0.49,0.55,0.62
29/03/2017,,,,0.48,0.54,0.55,0.62
4/04/2017,0.56,0.58,0.65,,,,
5/04/2017,,,,0.46,0.54,0.58,0.65
12/04/2017,,,,0.49,0.55,0.58,0.66
18/04/2017,0.55,0.58,0.64,,,,
19/04/2017,,,,0.48,0.53,0.57,0.64
26/04/2017,,,,0.5,0.52,0.57,0.64
2/05/2017,0.53,0.57,0.63,,,,
3/05/2017,,,,0.45,0.51,0.56,0.62
10/05/2017,,,,0.47,0.5,0.55,0.63
16/05/2017,0.52,0.56,0.62,,,,
17/05/2017,,,,0.44,0.52,0.55,0.6
24/05/2017,,,,0.46,0.51,0.55,0.64
30/05/2017,0.53,0.56,0.65,,,,
31/05/2017,,,,0.46,0.52,0.57,0.65
7/06/2017,,,,0.47,0.5,0.55,0.65
13/06/2017,0.54,0.62,0.76,,,,
14/06/2017,,,,0.45,0.54,0.62,0.77
21/06/2017,,,,0.48,0.57,0.67,0.86
27/06/2017,0.68,0.75,0.89,,,,
28/06/2017,,,,0.56,0.65,0.81,0.94
5/07/2017,,,,0.63,0.73,0.84,1
11/07/2017,0.76,0.9,1.05,,,,
12/07/2017,,,,0.62,0.76,0.91,1.06
19/07/2017,,,,0.68,0.7,0.88,1.06
25/07/2017,0.74,0.93,1.14,,,,
26/07/2017,,,,0.68,0.73,0.92,1.13
2/08/2017,,,,0.7,0.72,0.92,1.12
8/08/2017,0.74,0.92,1.14,,,,
9/08/2017,,,,0.71,0.73,0.91,1.14
16/08/2017,,,,0.68,0.73,0.89,1.12
22/08/2017,0.74,0.94,1.15,,,,
23/08/2017,,,,0.68,0.72,0.92,1.15
30/08/2017,,,,0.67,0.71,0.93,1.15
5/09/2017,0.9,1.05,1.26,,,,
6/09/2017,,,,0.82,0.94,1.11,1.36
13/09/2017,,,,0.84,0.99,1.16,1.44
19/09/2017,1.01,1.19,1.46,,,,
20/09/2017,,,,0.85,1,1.17,1.45
27/09/2017,,,,0.85,0.99,1.16,1.43
3/10/2017,1,1.15,1.42,,,,
4/10/2017,,,,0.88,0.99,1.14,1.39
11/10/2017,,,,0.83,0.98,1.17,1.41
17/10/2017,0.96,1.17,1.44,,,,
18/10/2017,,,,0.83,0.95,1.16,1.43
25/10/2017,,,,0.84,0.92,1.14,1.37
31/10/2017,0.9,1.11,1.3,,,,
1/11/2017,,,,0.87,0.91,1.12,1.3
8/11/2017,,,,0.86,0.87,1.01,1.29
14/11/2017,0.88,1.05,1.33,,,,
15/11/2017,,,,0.85,0.87,1.05,1.31
22/11/2017,,,,0.85,0.87,1.04,1.31
28/11/2017,0.87,1.05,1.3,,,,
29/11/2017,,,,0.84,0.88,1.05,1.31
6/12/2017,,,,0.84,0.89,1.07,1.35
12/12/2017,0.9,1.12,1.38,,,,
13/12/2017,,,,0.85,0.91,1.12,1.38
20/12/2017,,,,0.91,0.99,1.15,1.46
26/12/2017,1.05,1.2,1.52,,,,
27/12/2017,,,,0.96,1.05,1.19,1.53
3/01/2018,,,,0.95,1.06,1.21,1.52
9/01/2018,1.17,1.37,1.63,,,,
10/01/2018,,,,0.94,1.17,1.38,1.62
17/01/2018,,,,1,1.18,1.35,1.6
23/01/2018,1.2,1.36,1.61,,,,
24/01/2018,,,,1.11,1.21,1.36,1.62
31/01/2018,,,,1.12,1.2,1.34,1.61
6/02/2018,1.21,1.37,1.62,,,,
7/02/2018,,,,1.13,1.2,1.36,1.62
14/02/2018,,,,1.12,1.15,1.32,1.59
20/02/2018,1.17,1.33,1.61,,,,
21/02/2018,,,,1.12,1.16,1.32,1.6
28/02/2018,,,,1.12,1.14,1.28,1.6
6/03/2018,1.14,1.31,1.57,,,,
7/03/2018,,,,1.1,1.11,1.28,1.56
14/03/2018,,,,1.07,1.07,1.27,1.58
20/03/2018,1.09,1.28,1.6,,,,
21/03/2018,,,,1.07,1.11,1.29,1.64
28/03/2018,,,,1.09,1.09,1.3,1.62
3/04/2018,1.12,1.33,1.64,,,,
4/04/2018,,,,1.08,1.12,1.34,1.63
11/04/2018,,,,1.1,1.14,1.33,1.63
17/04/2018,1.2,1.39,1.68,,,,
18/04/2018,,,,1.18,1.2,1.37,1.65
25/04/2018,,,,1.17,1.2,1.33,1.62
1/05/2018,1.21,1.4,1.69,,,,
2/05/2018,,,,1.17,1.22,1.4,1.7
9/05/2018,,,,1.15,1.21,1.37,1.71
15/05/2018,1.27,1.44,1.76,,,,
16/05/2018,,,,1.13,1.25,1.44,1.76
23/05/2018,,,,1.13,1.26,1.43,1.72
29/05/2018,1.3,1.44,1.71,,,,
30/05/2018,,,,1.14,1.29,1.46,1.72
6/06/2018,,,,1.11,1.25,1.43,1.71
12/06/2018,1.27,1.45,1.7,,,,
13/06/2018,,,,1.07,1.26,1.45,1.7
20/06/2018,,,,0.96,1.19,1.42,1.67
26/06/2018,1.25,1.46,1.66,,,,
27/06/2018,,,,1.04,1.25,1.46,1.64
4/07/2018,,,,0.99,1.26,1.49,1.71
10/07/2018,1.46,1.57,1.78,,,,
11/07/2018,,,,1.27,1.45,1.55,1.78
18/07/2018,,,,1.29,1.39,1.53,1.78
24/07/2018,1.44,1.59,1.83,,,,
25/07/2018,,,,1.33,1.4,1.57,1.85
1/08/2018,,,,1.33,1.45,1.58,1.9
7/08/2018,1.46,1.65,1.95,,,,
8/08/2018,,,,1.33,1.46,1.64,1.95
15/08/2018,,,,1.32,1.48,1.64,1.92
21/08/2018,1.51,1.72,1.97,,,,
22/08/2018,,,,1.29,1.51,1.71,1.97
29/08/2018,,,,1.38,1.54,1.73,1.97
4/09/2018,1.55,1.72,1.94,,,,
5/09/2018,,,,1.38,1.49,1.71,1.94
12/09/2018,,,,1.34,1.52,1.69,1.96
18/09/2018,1.55,1.74,1.99,,,,
19/09/2018,,,,1.32,1.55,1.74,2
26/09/2018,,,,1.4,1.51,1.74,2.04
2/10/2018,1.63,1.81,2.1,,,,
3/10/2018,,,,1.43,1.62,1.82,2.11
10/10/2018,,,,1.45,1.59,1.81,2.09
16/10/2018,1.66,1.87,2.09,,,,
17/10/2018,,,,1.47,1.64,1.87,2.1
24/10/2018,,,,1.59,1.72,1.87,2.12
30/10/2018,1.73,1.9,2.14,,,,
31/10/2018,,,,1.6,1.73,1.88,2.14
7/11/2018,,,,1.61,1.71,1.88,2.15
13/11/2018,1.73,1.93,2.17,,,,
14/11/2018,,,,1.57,1.72,1.93,2.15
21/11/2018,,,,1.51,1.7,1.89,2.1
27/11/2018,1.71,1.91,2.11,,,,
28/11/2018,,,,1.64,1.72,1.91,2.1
5/12/2018,,,,1.59,1.68,1.84,1.98
11/12/2018,1.66,1.82,1.99,,,,
12/12/2018,,,,1.58,1.65,1.83,1.99
19/12/2018,,,,1.62,1.64,1.78,1.89
25/12/2018,1.67,1.81,1.94,,,,
26/12/2018,,,,1.63,1.67,1.8,1.92
2/01/2019,,,,1.63,1.65,1.77,1.87
8/01/2019,1.63,1.77,1.88,,,,
9/01/2019,,,,1.6,1.63,1.77,1.88
16/01/2019,,,,1.6,1.6,1.73,1.89
22/01/2019,1.63,1.76,1.91,,,,
23/01/2019,,,,1.62,1.63,1.75,1.89
30/01/2019,,,,1.68,1.66,1.73,1.83
5/02/2019,1.66,1.76,1.86,,,,
6/02/2019,,,,1.63,1.65,1.75,1.83
13/02/2019,,,,1.64,1.67,1.75,1.83
19/02/2019,1.68,1.76,1.82,,,,
20/02/2019,,,,1.63,1.67,1.74,1.81
27/02/2019,,,,1.64,1.67,1.73,1.77
5/03/2019,1.67,1.75,1.79,,,,
6/03/2019,,,,1.62,1.66,1.71,1.72
13/03/2019,,,,1.64,1.65,1.66,1.68
19/03/2019,1.65,1.68,1.7,,,,
20/03/2019,,,,1.65,1.67,1.67,1.67
27/03/2019,,,,1.66,1.66,1.66,1.62
2/04/2019,1.66,1.69,1.71,,,,
3/04/2019,,,,1.67,1.67,1.69,1.71
10/04/2019,,,,1.7,1.67,1.67,1.72
16/04/2019,1.67,1.71,1.74,,,,
17/04/2019,,,,1.71,1.68,1.72,1.75
24/04/2019,,,,1.7,1.68,1.69,1.67
30/04/2019,1.67,1.71,1.71,,,,
1/05/2019,,,,1.7,1.68,1.71,1.71
8/05/2019,,,,1.67,1.67,1.71,1.72
14/05/2019,1.68,1.73,1.74,,,,
15/05/2019,,,,1.68,1.67,1.72,1.73
22/05/2019,,,,1.65,1.68,1.73,1.75
28/05/2019,1.69,1.72,1.72,,,,
29/05/2019,,,,1.66,1.69,1.71,1.7
5/06/2019,,,,1.63,1.67,1.65,1.61
11/06/2019,1.67,1.71,1.71,,,,
12/06/2019,,,,1.65,1.67,1.7,1.69
19/06/2019,,,,1.65,1.66,1.68,1.67
25/06/2019,1.66,1.69,1.67,,,,
26/06/2019,,,,1.64,1.66,1.68,1.68
3/07/2019,,,,1.62,1.66,1.69,1.68
9/07/2019,1.65,1.73,1.75,,,,
10/07/2019,,,,1.65,1.66,1.71,1.71
17/07/2019,,,,1.65,1.65,1.7,1.71
23/07/2019,1.65,1.69,1.66,,,,
24/07/2019,,,,1.65,1.65,1.68,1.66
31/07/2019,,,,1.66,1.65,1.68,1.69
6/08/2019,1.64,1.66,1.61,,,,
7/08/2019,,,,1.65,1.64,1.64,1.56
14/08/2019,,,,1.64,1.64,1.63,1.55
20/08/2019,1.64,1.64,1.56,,,,
21/08/2019,,,,1.72,1.64,1.63,1.58
28/08/2019,,,,1.72,1.62,1.62,1.52
3/09/2019,1.62,1.63,1.54,,,,
4/09/2019,,,,1.61,1.62,1.63,1.54
11/09/2019,,,,1.64,1.62,1.66,1.7
17/09/2019,1.62,1.68,1.74,,,,
18/09/2019,,,,1.63,1.63,1.67,1.71
25/09/2019,,,,1.64,1.64,1.65,1.7
1/10/2019,1.64,1.69,1.72,,,,
2/10/2019,,,,1.63,1.63,1.67,1.69
9/10/2019,,,,1.65,1.63,1.65,1.65
15/10/2019,1.64,1.7,1.74,,,,
16/10/2019,,,,1.67,1.7,1.69,1.73
23/10/2019,,,,1.68,1.65,1.68,1.72
29/10/2019,1.66,1.72,1.76,,,,
30/10/2019,,,,1.69,1.66,1.71,1.73
6/11/2019,,,,1.68,1.67,1.69,1.7
12/11/2019,1.66,1.69,1.71,,,,
13/11/2019,,,,1.7,1.66,1.69,1.69
20/11/2019,,,,1.66,1.66,1.66,1.66
26/11/2019,1.65,1.69,1.7,,,,
27/11/2019,,,,1.67,1.66,1.69,1.71
4/12/2019,,,,1.68,1.66,1.69,1.72
10/12/2019,1.65,1.71,1.74,,,,
11/12/2019,,,,1.65,1.65,1.69,1.74
18/12/2019,,,,1.67,1.66,1.75,1.77
24/12/2019,1.67,1.75,1.76,,,,
25/12/2019,,,,1.64,1.66,1.73,1.75
1/01/2020,,,,1.65,1.66,1.72,1.74
7/01/2020,1.65,1.71,1.73,,,,
8/01/2020,,,,1.62,1.65,1.68,1.72
15/01/2020,,,,1.63,1.64,1.68,1.71
21/01/2020,1.64,1.69,1.72,,,,
22/01/2020,,,,1.63,1.64,1.66,1.67
29/01/2020,,,,1.66,1.64,1.64,1.62
4/02/2020,1.64,1.64,1.63,,,,
5/02/2020,,,,1.65,1.64,1.65,1.64
12/02/2020,,,,1.75,1.64,1.65,1.64
18/02/2020,1.64,1.64,1.62,,,,
19/02/2020,,,,1.68,1.64,1.64,1.63
26/02/2020,,,,1.62,1.61,1.59,1.51
3/03/2020,1.28,1.23,1.2,,,,
4/03/2020,,,,1.14,1.14,1.11,1.04
11/03/2020,,,,0.86,0.64,0.58,0.55
17/03/2020,0.38,0.38,0.38,,,,
18/03/2020,,,,0.3,0.42,0.4,0.37
25/03/2020,,,,0.59,0.49,0.45,0.44
31/03/2020,0.23,0.33,0.37,,,,
1/04/2020,,,,0.16,0.2,0.31,0.35
7/04/2020,0.24,0.41,0.5,,,,
8/04/2020,,,,0.19,0.22,0.38,0.48
14/04/2020,0.3,0.43,0.5,,,,
15/04/2020,,,,0.2,0.3,0.33,0.42
21/04/2020,0.27,0.34,0.38,,,,
22/04/2020,,,,0.18,0.25,0.29,0.36
28/04/2020,0.27,0.34,0.38,,,,
29/04/2020,,,,0.21,0.26,0.3,0.32
5/05/2020,0.27,0.32,0.35,,,,
6/05/2020,,,,0.2,0.22,0.22,0.35
12/05/2020,0.27,0.31,0.34,,,,
13/05/2020,,,,0.2,0.27,0.28,0.3
19/05/2020,0.27,0.29,0.32,,,,
20/05/2020,,,,0.2,0.23,0.28,0.31
26/05/2020,0.26,0.27,0.3,,,,
27/05/2020,,,,0.19,0.22,0.26,0.29
2/06/2020,0.19,0.24,0.28,,,,
3/06/2020,,,,0.16,0.19,0.23,0.27
9/06/2020,0.19,0.24,0.29,,,,
10/06/2020,,,,0.15,0.18,0.22,0.28
16/06/2020,0.19,0.24,0.28,,,,
17/06/2020,,,,0.15,0.19,0.23,0.26
23/06/2020,0.21,0.25,0.28,,,,
24/06/2020,,,,0.15,0.21,0.24,0.28
30/06/2020,0.21,0.24,0.28,,,,
1/07/2020,,,,0.16,0.2,0.23,0.28
7/07/2020,0.19,0.24,0.28,,,,
8/07/2020,,,,0.19,0.19,0.24,0.28
14/07/2020,0.18,0.23,0.28,,,,
15/07/2020,,,,0.17,0.18,0.21,0.27
21/07/2020,0.17,0.2,0.24,,,,
22/07/2020,,,,0.17,0.17,0.19,0.24
28/07/2020,0.17,0.19,0.23,,,,
29/07/2020,,,,0.16,0.16,0.19,0.23
4/08/2020,0.17,0.19,0.23,,,,
5/08/2020,,,,0.16,0.17,0.18,0.22
11/08/2020,0.16,0.18,0.22,,,,
12/08/2020,,,,0.16,0.16,0.18,0.21
18/08/2020,0.16,0.18,0.22,,,,
19/08/2020,,,,0.16,0.16,0.17,0.21
25/08/2020,0.15,0.18,0.22,,,,
26/08/2020,,,,0.16,0.14,0.17,0.22
1/09/2020,0.15,0.18,0.22,,,,
2/09/2020,,,,0.14,0.15,0.18,0.22
8/09/2020,0.15,0.18,0.23,,,,
9/09/2020,,,,0.15,0.15,0.17,0.22
15/09/2020,0.15,0.18,0.23,,,,
16/09/2020,,,,0.14,0.15,0.18,0.22
22/09/2020,0.15,0.18,0.23,,,,
23/09/2020,,,,0.15,0.14,0.18,0.22
29/09/2020,0.14,0.16,0.22,,,,
30/09/2020,,,,0.18,0.12,0.16,0.21
6/10/2020,0.11,0.15,0.19,,,,
7/10/2020,,,,0.13,0.11,0.13,0.16
13/10/2020,0.1,0.14,0.18,,,,
14/10/2020,,,,0.1,0.1,0.11,0.17
20/10/2020,0.09,0.13,0.17,,,,
21/10/2020,,,,0.09,0.1,0.11,0.15
27/10/2020,0.09,0.13,0.18,,,,
28/10/2020,,,,0.12,0.09,0.12,0.17
3/11/2020,0.09,0.15,0.21,,,,
4/11/2020,,,,0.1,0.1,0.15,0.19
10/11/2020,0.09,0.16,0.22,,,,
11/11/2020,,,,0.1,0.1,0.12,0.18
18/11/2020,,,,0.11,0.11,0.13,0.2
24/11/2020,0.11,0.16,0.21,,,,
25/11/2020,,,,0.16,0.12,0.13,0.19
2/12/2020,,,,0.1,0.12,0.15,0.21
8/12/2020,0.13,0.17,0.23,,,,
9/12/2020,,,,0.12,0.13,0.13,0.22
16/12/2020,,,,0.1,0.12,0.15,0.2
22/12/2020,0.12,0.15,0.2,,,,
23/12/2020,,,,0.09,0.09,0.12,0.16
30/12/2020,,,,0.04,0.07,0.1,0.15
5/01/2021,0.08,0.12,0.17,,,,
6/01/2021,,,,0.04,0.06,0.1,0.15
13/01/2021,,,,0.07,0.06,0.1,0.13
19/01/2021,0.06,0.1,0.13,,,,
20/01/2021,,,,0.06,0.05,0.09,0.12
27/01/2021,,,,0.05,0.06,0.09,0.12
